Barry.txt, Dave Barry
Christie.txt, Agatha Christie
Coates.txt, Ta-Nehisi Coates
Chesterton.txt, G.K. Chesterton
Wallace.txt, David Foster Wallace
Didion.txt, Joan Didion
Foucault.txt, Michel Foucault
Heidegger.txt, Martin Heidegger
hooks.txt, bell hooks
Klosterman.txt, Chuck Klosterman
MITstudents.txt, first-year MIT students
Orwell.txt, George Orwell
Scalia.txt, Antonin Scalia
Smith.txt, Zadie Smith
McCarthy.txt, Cormac McCarthy
Chekhov.txt, Anton Chekhov
Steel.txt, Danielle Steel
Diaz.txt, Junot Diaz
Lahiri.txt, Jhumpa Lahiri
Hemingway.txt, Ernest Hemingway
Rowling.txt, J.K. Rowling
Grisham.txt, John Grisham
Atwood.txt, Margaret Atwood
Morrison.txt, Toni Morrison
LeGuin.txt, Ursula K Le Guin
King.txt, Stephen King
Sontag.txt, Susan Sontag
StudentEssays_Strong.txt, strong undergraduate writers
StudentEssays_Poor.txt, poor undergraduate writers